{
  "exports": [
    {
      "id": "embedded.commerce.carts.addItem.before",
      "virtualPath": "./dist\\commerce.carts.manifest.all.js",
      "actionId": "embedded.commerce.carts.addItem.before"
    },
    {
      "id": "embedded.commerce.carts.updateItem.after",
      "virtualPath": "./dist\\commerce.carts.manifest.all.js",
      "actionId": "embedded.commerce.carts.updateItem.after"
    },
    {
      "id": "embedded.commerce.orders.createFromCart.before",
      "virtualPath": "./dist\\commerce.orders.manifest.all.js",
      "actionId": "embedded.commerce.orders.createFromCart.before"
    },
    {
      "id": "embedded.platform.applications.install",
      "virtualPath": "./dist\\platform.applications.manifest.all.js",
      "actionId": "embedded.platform.applications.install"
    }
  ]
}